﻿<?xml version="1.0"?>
<?xml-stylesheet type = "text/xsl" href = "nutrition.xsl"?>

  <nutrition>  
      <content id = "Servingsize">
            <quantity>1</quantity>
            <unit>package</unit>
      </content>
      
      <content id = "Calories">
            <quantity>260</quantity>
            <unit>calories</unit>
      </content>

      <content id = "Fatcalories">
            <quantity>100</quantity>
            <unit>calories</unit>
      </content>

      <content id = "Fat">
            <quantity>11</quantity>
            <unit>grams</unit>
      </content>

      <content id = "Saturatedfat">
            <quantity>2</quantity>
            <unit>grams</unit>
      </content>

      <content id = "Cholesterol">
            <quantity>5</quantity>
            <unit>milligrams</unit>
      </content>

      <content id = "Sodium">
            <quantity>210</quantity>
            <unit>milligrams</unit>
      </content>

      <content id = "Carbohydrates">
            <quantity>36</quantity>
            <unit>grams</unit>
      </content>

      <content id = "Fiber">
            <quantity>2</quantity>
            <unit>grams</unit>
      </content>

      <content id = "Sugars">
            <quantity>15</quantity>
            <unit>grams</unit>
      </content>

      <content id = "Protein">
            <quantity>5</quantity>
            <unit>grams</unit>
      </content>
  </nutrition>
